Model name,Precision,Recall,F1-score
Random Forest,0.933527381460616,0.9342016008682675,0.9333977699090334
Support Vector Machine,0.6816145028526794,0.7096730430063763,0.6658419168290404
